priority,slug,etsy_title,site_title,price_usd,category,listing_description,tags,site_url,primary_image_url,additional_image_urls
1,medina-crossbody-cognac,"Medina Crossbody - Cognac | Handmade Leather Crossbody Bag, Full-Grain Leather, Marrakech Atelier",Medina Crossbody · Cognac,195.00,Crossbody,"Medina Crossbody · Cognac — a numbered Maison Tanneurs leather object, cut and stitched in Marrakech.
Clean flap crossbody in saddle cognac leather. Single brass turn-lock, adjustable shoulder strap, off-white contrast stitching. The medina line's daily silhouette.

Why it belongs on Etsy: handmade construction, full-grain leather, direct-from-atelier pricing, and a repair promise instead of anonymous resale stock.

Details
- Full-grain leather, hand-finished in Marrakech
- Free worldwide shipping from the atelier
- 30-day returns, unused in original packaging
- Lifetime repair promise

Note: natural leather marks, grain variation, and handwork are part of the object, not defects.","leather bag, handmade bag, full grain leather, marrakech atelier, moroccan leather, travel bag, gift for him, gift for her, quiet luxury, crossbody bag, small leather bag",https://www.maisontanneurs.com/product/medina-crossbody-cognac,https://xbtabpurfavngwmwtawc.supabase.co/storage/v1/object/public/products/drop-02/medina-crossbody-cognac-pdp-white.webp,https://xbtabpurfavngwmwtawc.supabase.co/storage/v1/object/public/products/drop-02/medina-crossbody-cognac-pdp-02.webp | https://xbtabpurfavngwmwtawc.supabase.co/storage/v1/object/public/products/drop-02/medina-crossbody-cognac-pdp-03.webp | https://xbtabpurfavngwmwtawc.supabase.co/storage/v1/object/public/products/drop-02/medina-crossbody-cognac-pdp-04.webp | https://xbtabpurfavngwmwtawc.supabase.co/storage/v1/object/public/products/drop-02/medina-crossbody-cognac-pdp-05.webp | https://xbtabpurfavngwmwtawc.supabase.co/storage/v1/object/public/products/drop-02/medina-crossbody-cognac-pdp-06.webp | https://xbtabpurfavngwmwtawc.supabase.co/storage/v1/object/public/products/drop-02/medina-crossbody-cognac-pdp-07.webp | https://xbtabpurfavngwmwtawc.supabase.co/storage/v1/object/public/products/drop-02/medina-crossbody-cognac-pdp-08.webp | https://xbtabpurfavngwmwtawc.supabase.co/storage/v1/object/public/products/drop-02/medina-crossbody-cognac-pdp-09.webp | https://xbtabpurfavngwmwtawc.supabase.co/storage/v1/object/public/products/drop-02/medina-crossbody-cognac-pdp-10.webp
2,medina-crossbody-tooled-walnut,"Medina Crossbody - Tooled Walnut | Handmade Leather Crossbody Bag, Full-Grain Leather, Marrakech Atelier",Medina Crossbody · Tooled Walnut,245.00,Crossbody,"Medina Crossbody · Tooled Walnut — a numbered Maison Tanneurs leather object, cut and stitched in Marrakech.
Hand-tooled saddle crossbody in deep walnut leather. The diamond-and-floral motif is carved by hand into the flap — every piece slightly different. Brass turn-lock, off-white contrast stitching.

Why it belongs on Etsy: handmade construction, full-grain leather, direct-from-atelier pricing, and a repair promise instead of anonymous resale stock.

Details
- Full-grain leather, hand-finished in Marrakech
- Free worldwide shipping from the atelier
- 30-day returns, unused in original packaging
- Lifetime repair promise

Note: natural leather marks, grain variation, and handwork are part of the object, not defects.","leather bag, handmade bag, full grain leather, marrakech atelier, moroccan leather, travel bag, gift for him, gift for her, quiet luxury, crossbody bag, small leather bag",https://www.maisontanneurs.com/product/medina-crossbody-tooled-walnut,https://xbtabpurfavngwmwtawc.supabase.co/storage/v1/object/public/products/drop-02/medina-crossbody-tooled-walnut-pdp-white.webp,https://xbtabpurfavngwmwtawc.supabase.co/storage/v1/object/public/products/drop-02/medina-crossbody-tooled-walnut-scale.webp | https://xbtabpurfavngwmwtawc.supabase.co/storage/v1/object/public/products/drop-02/medina-crossbody-tooled-walnut-macro-01.webp | https://xbtabpurfavngwmwtawc.supabase.co/storage/v1/object/public/products/drop-02/medina-crossbody-tooled-walnut-macro-02.webp | https://xbtabpurfavngwmwtawc.supabase.co/storage/v1/object/public/products/drop-02/medina-crossbody-tooled-walnut-macro-03.webp
3,medina-saddlebag-tooled-cognac,"Medina Saddlebag - Tooled Cognac | Handmade Leather Crossbody Bag, Full-Grain Leather, Marrakech Atelier",Medina Saddlebag · Tooled Cognac,265.00,Saddlebag,"Medina Saddlebag · Tooled Cognac — a numbered Maison Tanneurs leather object, cut and stitched in Marrakech.
Cognac full-grain saddle bag with hand-tooled diamond and rosette flap. Brass turn-lock closure, adjustable shoulder strap. Each flap is carved by hand — every piece is one of one.

Why it belongs on Etsy: handmade construction, full-grain leather, direct-from-atelier pricing, and a repair promise instead of anonymous resale stock.

Details
- Full-grain leather, hand-finished in Marrakech
- Free worldwide shipping from the atelier
- 30-day returns, unused in original packaging
- Lifetime repair promise

Note: natural leather marks, grain variation, and handwork are part of the object, not defects.","leather bag, handmade bag, full grain leather, marrakech atelier, moroccan leather, travel bag, gift for him, gift for her, quiet luxury, crossbody bag, small leather bag",https://www.maisontanneurs.com/product/medina-saddlebag-tooled-cognac,https://xbtabpurfavngwmwtawc.supabase.co/storage/v1/object/public/products/drop-02/medina-saddlebag-tooled-cognac-pdp-white.webp,https://xbtabpurfavngwmwtawc.supabase.co/storage/v1/object/public/products/drop-02/medina-saddlebag-tooled-cognac-pdp-04.webp | https://xbtabpurfavngwmwtawc.supabase.co/storage/v1/object/public/products/drop-02/medina-saddlebag-tooled-cognac-pdp-05.webp | https://xbtabpurfavngwmwtawc.supabase.co/storage/v1/object/public/products/drop-02/medina-saddlebag-tooled-cognac-pdp-06.webp | https://xbtabpurfavngwmwtawc.supabase.co/storage/v1/object/public/products/drop-02/medina-saddlebag-tooled-cognac-pdp-07.webp | https://xbtabpurfavngwmwtawc.supabase.co/storage/v1/object/public/products/drop-02/medina-saddlebag-tooled-cognac-pdp-08.webp | https://xbtabpurfavngwmwtawc.supabase.co/storage/v1/object/public/products/drop-02/medina-saddlebag-tooled-cognac-pdp-01.webp | https://xbtabpurfavngwmwtawc.supabase.co/storage/v1/object/public/products/drop-02/medina-saddlebag-tooled-cognac-pdp-02.webp | https://xbtabpurfavngwmwtawc.supabase.co/storage/v1/object/public/products/drop-02/medina-saddlebag-tooled-cognac-pdp-03.webp
4,classic-cognac-satchel,"Classic Cognac Satchel | Handmade Leather Satchel Bag, Full-Grain Leather, Marrakech Atelier",Classic Cognac Satchel,285.00,Satchel,"Classic Cognac Satchel — a numbered Maison Tanneurs leather object, cut and stitched in Marrakech.
Classic briefcase satchel in rich cognac full-grain leather. Dual brass buckle closures, sturdy top handle plus removable crossbody strap. Cream saddle-stitch edges throughout. Carries a 14"" laptop. Heirloom-grade.

Why it belongs on Etsy: handmade construction, full-grain leather, direct-from-atelier pricing, and a repair promise instead of anonymous resale stock.

Details
- Full-grain leather, hand-finished in Marrakech
- Free worldwide shipping from the atelier
- 30-day returns, unused in original packaging
- Lifetime repair promise

Note: natural leather marks, grain variation, and handwork are part of the object, not defects.","leather bag, handmade bag, full grain leather, marrakech atelier, moroccan leather, travel bag, gift for him, gift for her, quiet luxury, leather satchel, vintage satchel",https://www.maisontanneurs.com/product/classic-cognac-satchel,https://xbtabpurfavngwmwtawc.supabase.co/storage/v1/object/public/products/drop-02/classic-cognac-satchel-pdp-white.webp,https://xbtabpurfavngwmwtawc.supabase.co/storage/v1/object/public/products/drop-02/classic-cognac-satchel-pdp-02.webp | https://xbtabpurfavngwmwtawc.supabase.co/storage/v1/object/public/products/drop-02/classic-cognac-satchel-pdp-03.webp | https://xbtabpurfavngwmwtawc.supabase.co/storage/v1/object/public/products/drop-02/classic-cognac-satchel-pdp-04.webp | https://xbtabpurfavngwmwtawc.supabase.co/storage/v1/object/public/products/drop-02/classic-cognac-satchel-pdp-05.webp | https://xbtabpurfavngwmwtawc.supabase.co/storage/v1/object/public/products/drop-02/classic-cognac-satchel-pdp-06.webp | https://xbtabpurfavngwmwtawc.supabase.co/storage/v1/object/public/products/drop-02/classic-cognac-satchel-pdp-07.webp | https://xbtabpurfavngwmwtawc.supabase.co/storage/v1/object/public/products/drop-02/classic-cognac-satchel-pdp-08.webp | https://xbtabpurfavngwmwtawc.supabase.co/storage/v1/object/public/products/drop-02/classic-cognac-satchel-pdp-09.webp
5,marrakech-tote-cognac,"Marrakech Tote - Cognac | Handmade Leather Tote Bag, Full-Grain Leather, Marrakech Atelier",Marrakech Tote · Cognac,295.00,Tote,"Marrakech Tote · Cognac — a numbered Maison Tanneurs leather object, cut and stitched in Marrakech.
Structured open-top tote in deep cognac full-grain leather. Tall handles for shoulder carry, magnetic snap interior, brass-finished hardware. Patinas warmer with every season.

Why it belongs on Etsy: handmade construction, full-grain leather, direct-from-atelier pricing, and a repair promise instead of anonymous resale stock.

Details
- Full-grain leather, hand-finished in Marrakech
- Free worldwide shipping from the atelier
- 30-day returns, unused in original packaging
- Lifetime repair promise

Note: natural leather marks, grain variation, and handwork are part of the object, not defects.","leather bag, handmade bag, full grain leather, marrakech atelier, moroccan leather, travel bag, gift for him, gift for her, quiet luxury, leather tote, work tote",https://www.maisontanneurs.com/product/marrakech-tote-cognac,https://xbtabpurfavngwmwtawc.supabase.co/storage/v1/object/public/products/drop-02/marrakech-tote-cognac-pdp-white.webp,https://xbtabpurfavngwmwtawc.supabase.co/storage/v1/object/public/products/drop-02/marrakech-tote-cognac-scale.webp | https://xbtabpurfavngwmwtawc.supabase.co/storage/v1/object/public/products/drop-02/marrakech-tote-cognac-pdp-04.webp | https://xbtabpurfavngwmwtawc.supabase.co/storage/v1/object/public/products/drop-02/marrakech-tote-cognac-pdp-05.webp | https://xbtabpurfavngwmwtawc.supabase.co/storage/v1/object/public/products/drop-02/marrakech-tote-cognac-pdp-06.webp | https://xbtabpurfavngwmwtawc.supabase.co/storage/v1/object/public/products/drop-02/marrakech-tote-cognac-pdp-07.webp | https://xbtabpurfavngwmwtawc.supabase.co/storage/v1/object/public/products/drop-02/marrakech-tote-cognac-pdp-08.webp | https://xbtabpurfavngwmwtawc.supabase.co/storage/v1/object/public/products/drop-02/marrakech-tote-cognac-pdp-01.webp | https://xbtabpurfavngwmwtawc.supabase.co/storage/v1/object/public/products/drop-02/marrakech-tote-cognac-pdp-02.webp
6,explorer-rolltop-cognac,"Explorer Rolltop - Cognac | Handmade Leather Backpack, Full-Grain Leather, Marrakech Atelier",Explorer Rolltop · Cognac,285.00,Backpack,"Explorer Rolltop · Cognac — a numbered Maison Tanneurs leather object, cut and stitched in Marrakech.
Modern rolltop rucksack in deep saddle cognac. Brass center buckle closes a full-bleed roll-down panel; a brass zip pocket runs the vertical centerline. Patinas warm and softens at the corners with daily carry.

Why it belongs on Etsy: handmade construction, full-grain leather, direct-from-atelier pricing, and a repair promise instead of anonymous resale stock.

Details
- Full-grain leather, hand-finished in Marrakech
- Free worldwide shipping from the atelier
- 30-day returns, unused in original packaging
- Lifetime repair promise

Note: natural leather marks, grain variation, and handwork are part of the object, not defects.","leather bag, handmade bag, full grain leather, marrakech atelier, moroccan leather, travel bag, gift for him, gift for her, quiet luxury, leather backpack, rolltop backpack",https://www.maisontanneurs.com/product/explorer-rolltop-cognac,https://xbtabpurfavngwmwtawc.supabase.co/storage/v1/object/public/products/drop-02/explorer-rolltop-cognac-pdp-white.webp,https://xbtabpurfavngwmwtawc.supabase.co/storage/v1/object/public/products/drop-02/explorer-rolltop-cognac-scale.webp | https://xbtabpurfavngwmwtawc.supabase.co/storage/v1/object/public/products/drop-02/explorer-rolltop-cognac-pdp-04.webp | https://xbtabpurfavngwmwtawc.supabase.co/storage/v1/object/public/products/drop-02/explorer-rolltop-cognac-pdp-05.webp | https://xbtabpurfavngwmwtawc.supabase.co/storage/v1/object/public/products/drop-02/explorer-rolltop-cognac-pdp-06.webp | https://xbtabpurfavngwmwtawc.supabase.co/storage/v1/object/public/products/drop-02/explorer-rolltop-cognac-pdp-07.webp | https://xbtabpurfavngwmwtawc.supabase.co/storage/v1/object/public/products/drop-02/explorer-rolltop-cognac-pdp-08.webp | https://xbtabpurfavngwmwtawc.supabase.co/storage/v1/object/public/products/drop-02/explorer-rolltop-cognac-pdp-09.webp | https://xbtabpurfavngwmwtawc.supabase.co/storage/v1/object/public/products/drop-02/explorer-rolltop-cognac-pdp-01.webp
7,atlas-kilim-duffle,"Atlas Kilim Duffle | Handmade Leather Weekender Bag, Full-Grain Leather, Marrakech Atelier",Atlas Kilim Duffle,445.00,Duffle,"Atlas Kilim Duffle — a numbered Maison Tanneurs leather object, cut and stitched in Marrakech.
Travel weekender in saddle cognac leather framing handwoven kilim wool panels sourced from Atlas weavers. Brass middle strap, dual rolled handles. Each kilim panel is cut from a single handwoven length — no two bags repeat.

Why it belongs on Etsy: handmade construction, full-grain leather, direct-from-atelier pricing, and a repair promise instead of anonymous resale stock.

Details
- Full-grain leather, hand-finished in Marrakech
- Free worldwide shipping from the atelier
- 30-day returns, unused in original packaging
- Lifetime repair promise

Note: natural leather marks, grain variation, and handwork are part of the object, not defects.","leather bag, handmade bag, full grain leather, marrakech atelier, moroccan leather, travel bag, gift for him, gift for her, quiet luxury, kilim bag, woven textile",https://www.maisontanneurs.com/product/atlas-kilim-duffle,https://xbtabpurfavngwmwtawc.supabase.co/storage/v1/object/public/products/drop-02/atlas-kilim-duffle-pdp-white.webp,https://xbtabpurfavngwmwtawc.supabase.co/storage/v1/object/public/products/drop-02/atlas-kilim-duffle-pdp-02.webp | https://xbtabpurfavngwmwtawc.supabase.co/storage/v1/object/public/products/drop-02/atlas-kilim-duffle-pdp-03.webp | https://xbtabpurfavngwmwtawc.supabase.co/storage/v1/object/public/products/drop-02/atlas-kilim-duffle-pdp-04.webp | https://xbtabpurfavngwmwtawc.supabase.co/storage/v1/object/public/products/drop-02/atlas-kilim-duffle-pdp-05.webp | https://xbtabpurfavngwmwtawc.supabase.co/storage/v1/object/public/products/drop-02/atlas-kilim-duffle-pdp-06.webp | https://xbtabpurfavngwmwtawc.supabase.co/storage/v1/object/public/products/drop-02/atlas-kilim-duffle-pdp-07.webp | https://xbtabpurfavngwmwtawc.supabase.co/storage/v1/object/public/products/drop-02/atlas-kilim-duffle-pdp-08.webp | https://xbtabpurfavngwmwtawc.supabase.co/storage/v1/object/public/products/drop-02/atlas-kilim-duffle-pdp-09.webp
8,medina-crossbody-envelope,"Medina Envelope Crossbody | Handmade Leather Crossbody Bag, Full-Grain Leather, Marrakech Atelier",Medina Envelope Crossbody,185.00,Crossbody,"Medina Envelope Crossbody — a numbered Maison Tanneurs leather object, cut and stitched in Marrakech.
Compact envelope crossbody in deep walnut leather, finished with a single brass turn-lock and an adjustable saddle strap. Quiet enough for evening, structured enough for daily carry.

Why it belongs on Etsy: handmade construction, full-grain leather, direct-from-atelier pricing, and a repair promise instead of anonymous resale stock.

Details
- Full-grain leather, hand-finished in Marrakech
- Free worldwide shipping from the atelier
- 30-day returns, unused in original packaging
- Lifetime repair promise

Note: natural leather marks, grain variation, and handwork are part of the object, not defects.","leather bag, handmade bag, full grain leather, marrakech atelier, moroccan leather, travel bag, gift for him, gift for her, quiet luxury, crossbody bag, small leather bag",https://www.maisontanneurs.com/product/medina-crossbody-envelope,https://xbtabpurfavngwmwtawc.supabase.co/storage/v1/object/public/products/drop-02/medina-crossbody-envelope-pdp-white.webp,https://xbtabpurfavngwmwtawc.supabase.co/storage/v1/object/public/products/drop-02/medina-crossbody-envelope-pdp-04.webp | https://xbtabpurfavngwmwtawc.supabase.co/storage/v1/object/public/products/drop-02/medina-crossbody-envelope-pdp-05.webp | https://xbtabpurfavngwmwtawc.supabase.co/storage/v1/object/public/products/drop-02/medina-crossbody-envelope-pdp-06.webp | https://xbtabpurfavngwmwtawc.supabase.co/storage/v1/object/public/products/drop-02/medina-crossbody-envelope-pdp-07.webp | https://xbtabpurfavngwmwtawc.supabase.co/storage/v1/object/public/products/drop-02/medina-crossbody-envelope-pdp-08.webp | https://xbtabpurfavngwmwtawc.supabase.co/storage/v1/object/public/products/drop-02/medina-crossbody-envelope-pdp-09.webp | https://xbtabpurfavngwmwtawc.supabase.co/storage/v1/object/public/products/drop-02/medina-crossbody-envelope-pdp-01.webp | https://xbtabpurfavngwmwtawc.supabase.co/storage/v1/object/public/products/drop-02/medina-crossbody-envelope-pdp-02.webp
